<channel version="4.5.1">
    <id>d9dfa690-3be2-4dbb-b91e-f67f73bdd32f</id>
    <nextMetaDataId>3</nextMetaDataId>
    <name>ejercicio18</name>
    <description></description>
    <revision>1</revision>
    <sourceConnector version="4.5.1">
      <metaDataId>0</metaDataId>
      <name>sourceConnector</name>
      <properties class="com.mirth.connect.connectors.tcp.TcpReceiverProperties" version="4.5.1">
        <pluginProperties/>
        <listenerConnectorProperties version="4.5.1">
          <host>0.0.0.0</host>
          <port>6661</port>
        </listenerConnectorProperties>
        <sourceConnectorProperties version="4.5.1">
          <responseVariable>d1</responseVariable>
          <respondAfterProcessing>true</respondAfterProcessing>
          <processBatch>false</processBatch>
          <firstResponse>true</firstResponse>
          <processingThreads>1</processingThreads>
          <resourceIds class="linked-hash-map">
            <entry>
              <string>Default Resource</string>
              <string>[Default Resource]</string>
            </entry>
          </resourceIds>
          <queueBufferSize>1000</queueBufferSize>
        </sourceConnectorProperties>
        <transmissionModeProperties class="com.mirth.connect.plugins.mllpmode.MLLPModeProperties">
          <pluginPointName>MLLP</pluginPointName>
          <startOfMessageBytes>0B</startOfMessageBytes>
          <endOfMessageBytes>1C0D</endOfMessageBytes>
          <useMLLPv2>false</useMLLPv2>
          <ackBytes>06</ackBytes>
          <nackBytes>15</nackBytes>
          <maxRetries>2</maxRetries>
        </transmissionModeProperties>
        <serverMode>true</serverMode>
        <remoteAddress></remoteAddress>
        <remotePort></remotePort>
        <overrideLocalBinding>false</overrideLocalBinding>
        <reconnectInterval>5000</reconnectInterval>
        <receiveTimeout>0</receiveTimeout>
        <bufferSize>65536</bufferSize>
        <maxConnections>10</maxConnections>
        <keepConnectionOpen>true</keepConnectionOpen>
        <dataTypeBinary>false</dataTypeBinary>
        <charsetEncoding>DEFAULT_ENCODING</charsetEncoding>
        <respondOnNewConnection>0</respondOnNewConnection>
        <responseAddress></responseAddress>
        <responsePort></responsePort>
      </properties>
      <transformer version="4.5.1">
        <elements>
          <com.mirth.connect.plugins.javascriptstep.JavaScriptStep version="4.5.1">
            <sequenceNumber>0</sequenceNumber>
            <enabled>true</enabled>
            <script>var men=SerializerFactory.getSerializer(&apos;HL7V2&apos;).toXML(msg);//paso mensaje a xml//logger.info(men);var docJSON=XmlUtil.toJson(msg);//paso xml a jsonchannelMap.put(&apos;jsn&apos;,docJSON);//meto json en variable channelMap</script>
          </com.mirth.connect.plugins.javascriptstep.JavaScriptStep>
        </elements>
        <inboundTemplate encoding="base64"></inboundTemplate>
        <outboundTemplate encoding="base64"></outboundTemplate>
        <inboundDataType>HL7V2</inboundDataType>
        <outboundDataType>HL7V2</outboundDataType>
        <inboundProperties class="com.mirth.connect.plugins.datatypes.hl7v2.HL7v2DataTypeProperties" version="4.5.1">
          <serializationProperties class="com.mirth.connect.plugins.datatypes.hl7v2.HL7v2SerializationProperties" version="4.5.1">
            <handleRepetitions>true</handleRepetitions>
            <handleSubcomponents>true</handleSubcomponents>
            <useStrictParser>false</useStrictParser>
            <useStrictValidation>false</useStrictValidation>
            <stripNamespaces>false</stripNamespaces>
            <segmentDelimiter>\r</segmentDelimiter>
            <convertLineBreaks>true</convertLineBreaks>
          </serializationProperties>
          <deserializationProperties class="com.mirth.connect.plugins.datatypes.hl7v2.HL7v2DeserializationProperties" version="4.5.1">
            <useStrictParser>false</useStrictParser>
            <useStrictValidation>false</useStrictValidation>
            <segmentDelimiter>\r</segmentDelimiter>
          </deserializationProperties>
          <batchProperties class="com.mirth.connect.plugins.datatypes.hl7v2.HL7v2BatchProperties" version="4.5.1">
            <splitType>MSH_Segment</splitType>
            <batchScript></batchScript>
          </batchProperties>
          <responseGenerationProperties class="com.mirth.connect.plugins.datatypes.hl7v2.HL7v2ResponseGenerationProperties" version="4.5.1">
            <segmentDelimiter>\r</segmentDelimiter>
            <successfulACKCode>AA</successfulACKCode>
            <successfulACKMessage></successfulACKMessage>
            <errorACKCode>AE</errorACKCode>
            <errorACKMessage>An Error Occurred Processing Message.</errorACKMessage>
            <rejectedACKCode>AR</rejectedACKCode>
            <rejectedACKMessage>Message Rejected.</rejectedACKMessage>
            <msh15ACKAccept>false</msh15ACKAccept>
            <dateFormat>yyyyMMddHHmmss.SSS</dateFormat>
          </responseGenerationProperties>
          <responseValidationProperties class="com.mirth.connect.plugins.datatypes.hl7v2.HL7v2ResponseValidationProperties" version="4.5.1">
            <successfulACKCode>AA,CA</successfulACKCode>
            <errorACKCode>AE,CE</errorACKCode>
            <rejectedACKCode>AR,CR</rejectedACKCode>
            <validateMessageControlId>true</validateMessageControlId>
            <originalMessageControlId>Destination_Encoded</originalMessageControlId>
            <originalIdMapVariable></originalIdMapVariable>
          </responseValidationProperties>
        </inboundProperties>
        <outboundProperties class="com.mirth.connect.plugins.datatypes.hl7v2.HL7v2DataTypeProperties" version="4.5.1">
          <serializationProperties class="com.mirth.connect.plugins.datatypes.hl7v2.HL7v2SerializationProperties" version="4.5.1">
            <handleRepetitions>true</handleRepetitions>
            <handleSubcomponents>true</handleSubcomponents>
            <useStrictParser>false</useStrictParser>
            <useStrictValidation>false</useStrictValidation>
            <stripNamespaces>false</stripNamespaces>
            <segmentDelimiter>\r</segmentDelimiter>
            <convertLineBreaks>true</convertLineBreaks>
          </serializationProperties>
          <deserializationProperties class="com.mirth.connect.plugins.datatypes.hl7v2.HL7v2DeserializationProperties" version="4.5.1">
            <useStrictParser>false</useStrictParser>
            <useStrictValidation>false</useStrictValidation>
            <segmentDelimiter>\r</segmentDelimiter>
          </deserializationProperties>
          <batchProperties class="com.mirth.connect.plugins.datatypes.hl7v2.HL7v2BatchProperties" version="4.5.1">
            <splitType>MSH_Segment</splitType>
            <batchScript></batchScript>
          </batchProperties>
          <responseGenerationProperties class="com.mirth.connect.plugins.datatypes.hl7v2.HL7v2ResponseGenerationProperties" version="4.5.1">
            <segmentDelimiter>\r</segmentDelimiter>
            <successfulACKCode>AA</successfulACKCode>
            <successfulACKMessage></successfulACKMessage>
            <errorACKCode>AE</errorACKCode>
            <errorACKMessage>An Error Occurred Processing Message.</errorACKMessage>
            <rejectedACKCode>AR</rejectedACKCode>
            <rejectedACKMessage>Message Rejected.</rejectedACKMessage>
            <msh15ACKAccept>false</msh15ACKAccept>
            <dateFormat>yyyyMMddHHmmss.SSS</dateFormat>
          </responseGenerationProperties>
          <responseValidationProperties class="com.mirth.connect.plugins.datatypes.hl7v2.HL7v2ResponseValidationProperties" version="4.5.1">
            <successfulACKCode>AA,CA</successfulACKCode>
            <errorACKCode>AE,CE</errorACKCode>
            <rejectedACKCode>AR,CR</rejectedACKCode>
            <validateMessageControlId>true</validateMessageControlId>
            <originalMessageControlId>Destination_Encoded</originalMessageControlId>
            <originalIdMapVariable></originalIdMapVariable>
          </responseValidationProperties>
        </outboundProperties>
      </transformer>
      <filter version="4.5.1">
        <elements/>
      </filter>
      <transportName>TCP Listener</transportName>
      <mode>SOURCE</mode>
      <enabled>true</enabled>
      <waitForPrevious>true</waitForPrevious>
    </sourceConnector>
    <destinationConnectors>
      <connector version="4.5.1">
        <metaDataId>1</metaDataId>
        <name>Destination 1</name>
        <properties class="com.mirth.connect.connectors.http.HttpDispatcherProperties" version="4.5.1">
          <pluginProperties/>
          <destinationConnectorProperties version="4.5.1">
            <queueEnabled>false</queueEnabled>
            <sendFirst>false</sendFirst>
            <retryIntervalMillis>10000</retryIntervalMillis>
            <regenerateTemplate>false</regenerateTemplate>
            <retryCount>0</retryCount>
            <rotate>false</rotate>
            <includeFilterTransformer>false</includeFilterTransformer>
            <threadCount>1</threadCount>
            <threadAssignmentVariable></threadAssignmentVariable>
            <validateResponse>false</validateResponse>
            <resourceIds class="linked-hash-map">
              <entry>
                <string>Default Resource</string>
                <string>[Default Resource]</string>
              </entry>
            </resourceIds>
            <queueBufferSize>1000</queueBufferSize>
            <reattachAttachments>true</reattachAttachments>
          </destinationConnectorProperties>
          <host>http://jsonplaceholder.typicode.com/posts</host>
          <useProxyServer>false</useProxyServer>
          <proxyAddress></proxyAddress>
          <proxyPort></proxyPort>
          <method>post</method>
          <headers class="linked-hash-map"/>
          <parameters class="linked-hash-map"/>
          <useHeadersVariable>false</useHeadersVariable>
          <headersVariable></headersVariable>
          <useParametersVariable>false</useParametersVariable>
          <parametersVariable></parametersVariable>
          <responseXmlBody>false</responseXmlBody>
          <responseParseMultipart>true</responseParseMultipart>
          <responseIncludeMetadata>false</responseIncludeMetadata>
          <responseBinaryMimeTypes>application/.*(?&lt;!json|xml)$|image/.*|video/.*|audio/.*</responseBinaryMimeTypes>
          <responseBinaryMimeTypesRegex>true</responseBinaryMimeTypesRegex>
          <multipart>false</multipart>
          <useAuthentication>false</useAuthentication>
          <authenticationType>Basic</authenticationType>
          <usePreemptiveAuthentication>false</usePreemptiveAuthentication>
          <username></username>
          <password></password>
          <content>${jsn}</content>
          <contentType>application/json</contentType>
          <dataTypeBinary>false</dataTypeBinary>
          <charset>UTF-8</charset>
          <socketTimeout>30000</socketTimeout>
        </properties>
        <transformer version="4.5.1">
          <elements/>
          <inboundTemplate encoding="base64"></inboundTemplate>
          <outboundTemplate encoding="base64"></outboundTemplate>
          <inboundDataType>HL7V2</inboundDataType>
          <outboundDataType>HL7V2</outboundDataType>
          <inboundProperties class="com.mirth.connect.plugins.datatypes.hl7v2.HL7v2DataTypeProperties" version="4.5.1">
            <serializationProperties class="com.mirth.connect.plugins.datatypes.hl7v2.HL7v2SerializationProperties" version="4.5.1">
              <handleRepetitions>true</handleRepetitions>
              <handleSubcomponents>true</handleSubcomponents>
              <useStrictParser>false</useStrictParser>
              <useStrictValidation>false</useStrictValidation>
              <stripNamespaces>false</stripNamespaces>
              <segmentDelimiter>\r</segmentDelimiter>
              <convertLineBreaks>true</convertLineBreaks>
            </serializationProperties>
            <deserializationProperties class="com.mirth.connect.plugins.datatypes.hl7v2.HL7v2DeserializationProperties" version="4.5.1">
              <useStrictParser>false</useStrictParser>
              <useStrictValidation>false</useStrictValidation>
              <segmentDelimiter>\r</segmentDelimiter>
            </deserializationProperties>
            <batchProperties class="com.mirth.connect.plugins.datatypes.hl7v2.HL7v2BatchProperties" version="4.5.1">
              <splitType>MSH_Segment</splitType>
              <batchScript></batchScript>
            </batchProperties>
            <responseGenerationProperties class="com.mirth.connect.plugins.datatypes.hl7v2.HL7v2ResponseGenerationProperties" version="4.5.1">
              <segmentDelimiter>\r</segmentDelimiter>
              <successfulACKCode>AA</successfulACKCode>
              <successfulACKMessage></successfulACKMessage>
              <errorACKCode>AE</errorACKCode>
              <errorACKMessage>An Error Occurred Processing Message.</errorACKMessage>
              <rejectedACKCode>AR</rejectedACKCode>
              <rejectedACKMessage>Message Rejected.</rejectedACKMessage>
              <msh15ACKAccept>false</msh15ACKAccept>
              <dateFormat>yyyyMMddHHmmss.SSS</dateFormat>
            </responseGenerationProperties>
            <responseValidationProperties class="com.mirth.connect.plugins.datatypes.hl7v2.HL7v2ResponseValidationProperties" version="4.5.1">
              <successfulACKCode>AA,CA</successfulACKCode>
              <errorACKCode>AE,CE</errorACKCode>
              <rejectedACKCode>AR,CR</rejectedACKCode>
              <validateMessageControlId>true</validateMessageControlId>
              <originalMessageControlId>Destination_Encoded</originalMessageControlId>
              <originalIdMapVariable></originalIdMapVariable>
            </responseValidationProperties>
          </inboundProperties>
          <outboundProperties class="com.mirth.connect.plugins.datatypes.hl7v2.HL7v2DataTypeProperties" version="4.5.1">
            <serializationProperties class="com.mirth.connect.plugins.datatypes.hl7v2.HL7v2SerializationProperties" version="4.5.1">
              <handleRepetitions>true</handleRepetitions>
              <handleSubcomponents>true</handleSubcomponents>
              <useStrictParser>false</useStrictParser>
              <useStrictValidation>false</useStrictValidation>
              <stripNamespaces>false</stripNamespaces>
              <segmentDelimiter>\r</segmentDelimiter>
              <convertLineBreaks>true</convertLineBreaks>
            </serializationProperties>
            <deserializationProperties class="com.mirth.connect.plugins.datatypes.hl7v2.HL7v2DeserializationProperties" version="4.5.1">
              <useStrictParser>false</useStrictParser>
              <useStrictValidation>false</useStrictValidation>
              <segmentDelimiter>\r</segmentDelimiter>
            </deserializationProperties>
            <batchProperties class="com.mirth.connect.plugins.datatypes.hl7v2.HL7v2BatchProperties" version="4.5.1">
              <splitType>MSH_Segment</splitType>
              <batchScript></batchScript>
            </batchProperties>
            <responseGenerationProperties class="com.mirth.connect.plugins.datatypes.hl7v2.HL7v2ResponseGenerationProperties" version="4.5.1">
              <segmentDelimiter>\r</segmentDelimiter>
              <successfulACKCode>AA</successfulACKCode>
              <successfulACKMessage></successfulACKMessage>
              <errorACKCode>AE</errorACKCode>
              <errorACKMessage>An Error Occurred Processing Message.</errorACKMessage>
              <rejectedACKCode>AR</rejectedACKCode>
              <rejectedACKMessage>Message Rejected.</rejectedACKMessage>
              <msh15ACKAccept>false</msh15ACKAccept>
              <dateFormat>yyyyMMddHHmmss.SSS</dateFormat>
            </responseGenerationProperties>
            <responseValidationProperties class="com.mirth.connect.plugins.datatypes.hl7v2.HL7v2ResponseValidationProperties" version="4.5.1">
              <successfulACKCode>AA,CA</successfulACKCode>
              <errorACKCode>AE,CE</errorACKCode>
              <rejectedACKCode>AR,CR</rejectedACKCode>
              <validateMessageControlId>true</validateMessageControlId>
              <originalMessageControlId>Destination_Encoded</originalMessageControlId>
              <originalIdMapVariable></originalIdMapVariable>
            </responseValidationProperties>
          </outboundProperties>
        </transformer>
        <responseTransformer version="4.5.1">
          <elements>
            <com.mirth.connect.plugins.javascriptstep.JavaScriptStep version="4.5.1">
              <sequenceNumber>0</sequenceNumber>
              <enabled>false</enabled>
              <script>/*var now = DateUtil.getCurrentDate(&quot;yyyyMMddHHmmss&quot;);var msh = msg[&apos;MSH&apos;];var msgControlId = msh[&apos;MSH.10&apos;][&apos;MSH.10.1&apos;].toString();  // Message Control ID original// Crea el ACK como texto planovar ack = &quot;MSH|^~\\&amp;|MIRTH|INTEGRATION|&quot;    + msh[&apos;MSH.3&apos;][&apos;MSH.3.1&apos;] + &quot;|&quot;  // Sending Application    + msh[&apos;MSH.4&apos;][&apos;MSH.4.1&apos;] + &quot;|&quot;  // Sending Facility    + now + &quot;||ACK^&quot; + msh[&apos;MSH.9&apos;][&apos;MSH.9.2&apos;] + &quot;|ACK_&quot; + msgControlId + &quot;|P|2.5.1\r&quot;;ack += &quot;MSA|AA|&quot; + msgControlId + &quot;\r&quot;;*/// Devuelve directamente el mensaje ACK//responseMap.put(&apos;respuesta&apos;, &apos;respuesta recibida&apos;);responseMap.put(&apos;key&apos;, ResponseFactory.getSentResponse(&apos;message&apos;))</script>
            </com.mirth.connect.plugins.javascriptstep.JavaScriptStep>
          </elements>
          <inboundTemplate encoding="base64"></inboundTemplate>
          <outboundTemplate encoding="base64"></outboundTemplate>
          <inboundDataType>HL7V2</inboundDataType>
          <outboundDataType>HL7V2</outboundDataType>
          <inboundProperties class="com.mirth.connect.plugins.datatypes.hl7v2.HL7v2DataTypeProperties" version="4.5.1">
            <serializationProperties class="com.mirth.connect.plugins.datatypes.hl7v2.HL7v2SerializationProperties" version="4.5.1">
              <handleRepetitions>true</handleRepetitions>
              <handleSubcomponents>true</handleSubcomponents>
              <useStrictParser>false</useStrictParser>
              <useStrictValidation>false</useStrictValidation>
              <stripNamespaces>false</stripNamespaces>
              <segmentDelimiter>\r</segmentDelimiter>
              <convertLineBreaks>true</convertLineBreaks>
            </serializationProperties>
            <deserializationProperties class="com.mirth.connect.plugins.datatypes.hl7v2.HL7v2DeserializationProperties" version="4.5.1">
              <useStrictParser>false</useStrictParser>
              <useStrictValidation>false</useStrictValidation>
              <segmentDelimiter>\r</segmentDelimiter>
            </deserializationProperties>
            <batchProperties class="com.mirth.connect.plugins.datatypes.hl7v2.HL7v2BatchProperties" version="4.5.1">
              <splitType>MSH_Segment</splitType>
              <batchScript></batchScript>
            </batchProperties>
            <responseGenerationProperties class="com.mirth.connect.plugins.datatypes.hl7v2.HL7v2ResponseGenerationProperties" version="4.5.1">
              <segmentDelimiter>\r</segmentDelimiter>
              <successfulACKCode>AA</successfulACKCode>
              <successfulACKMessage></successfulACKMessage>
              <errorACKCode>AE</errorACKCode>
              <errorACKMessage>An Error Occurred Processing Message.</errorACKMessage>
              <rejectedACKCode>AR</rejectedACKCode>
              <rejectedACKMessage>Message Rejected.</rejectedACKMessage>
              <msh15ACKAccept>false</msh15ACKAccept>
              <dateFormat>yyyyMMddHHmmss.SSS</dateFormat>
            </responseGenerationProperties>
            <responseValidationProperties class="com.mirth.connect.plugins.datatypes.hl7v2.HL7v2ResponseValidationProperties" version="4.5.1">
              <successfulACKCode>AA,CA</successfulACKCode>
              <errorACKCode>AE,CE</errorACKCode>
              <rejectedACKCode>AR,CR</rejectedACKCode>
              <validateMessageControlId>true</validateMessageControlId>
              <originalMessageControlId>Destination_Encoded</originalMessageControlId>
              <originalIdMapVariable></originalIdMapVariable>
            </responseValidationProperties>
          </inboundProperties>
          <outboundProperties class="com.mirth.connect.plugins.datatypes.hl7v2.HL7v2DataTypeProperties" version="4.5.1">
            <serializationProperties class="com.mirth.connect.plugins.datatypes.hl7v2.HL7v2SerializationProperties" version="4.5.1">
              <handleRepetitions>true</handleRepetitions>
              <handleSubcomponents>true</handleSubcomponents>
              <useStrictParser>false</useStrictParser>
              <useStrictValidation>false</useStrictValidation>
              <stripNamespaces>false</stripNamespaces>
              <segmentDelimiter>\r</segmentDelimiter>
              <convertLineBreaks>true</convertLineBreaks>
            </serializationProperties>
            <deserializationProperties class="com.mirth.connect.plugins.datatypes.hl7v2.HL7v2DeserializationProperties" version="4.5.1">
              <useStrictParser>false</useStrictParser>
              <useStrictValidation>false</useStrictValidation>
              <segmentDelimiter>\r</segmentDelimiter>
            </deserializationProperties>
            <batchProperties class="com.mirth.connect.plugins.datatypes.hl7v2.HL7v2BatchProperties" version="4.5.1">
              <splitType>MSH_Segment</splitType>
              <batchScript></batchScript>
            </batchProperties>
            <responseGenerationProperties class="com.mirth.connect.plugins.datatypes.hl7v2.HL7v2ResponseGenerationProperties" version="4.5.1">
              <segmentDelimiter>\r</segmentDelimiter>
              <successfulACKCode>AA</successfulACKCode>
              <successfulACKMessage></successfulACKMessage>
              <errorACKCode>AE</errorACKCode>
              <errorACKMessage>An Error Occurred Processing Message.</errorACKMessage>
              <rejectedACKCode>AR</rejectedACKCode>
              <rejectedACKMessage>Message Rejected.</rejectedACKMessage>
              <msh15ACKAccept>false</msh15ACKAccept>
              <dateFormat>yyyyMMddHHmmss.SSS</dateFormat>
            </responseGenerationProperties>
            <responseValidationProperties class="com.mirth.connect.plugins.datatypes.hl7v2.HL7v2ResponseValidationProperties" version="4.5.1">
              <successfulACKCode>AA,CA</successfulACKCode>
              <errorACKCode>AE,CE</errorACKCode>
              <rejectedACKCode>AR,CR</rejectedACKCode>
              <validateMessageControlId>true</validateMessageControlId>
              <originalMessageControlId>Destination_Encoded</originalMessageControlId>
              <originalIdMapVariable></originalIdMapVariable>
            </responseValidationProperties>
          </outboundProperties>
        </responseTransformer>
        <filter version="4.5.1">
          <elements/>
        </filter>
        <transportName>HTTP Sender</transportName>
        <mode>DESTINATION</mode>
        <enabled>false</enabled>
        <waitForPrevious>true</waitForPrevious>
      </connector>
      <connector version="4.5.1">
        <metaDataId>2</metaDataId>
        <name>Destination 2</name>
        <properties class="com.mirth.connect.connectors.http.HttpDispatcherProperties" version="4.5.1">
          <pluginProperties/>
          <destinationConnectorProperties version="4.5.1">
            <queueEnabled>false</queueEnabled>
            <sendFirst>false</sendFirst>
            <retryIntervalMillis>10000</retryIntervalMillis>
            <regenerateTemplate>false</regenerateTemplate>
            <retryCount>0</retryCount>
            <rotate>false</rotate>
            <includeFilterTransformer>false</includeFilterTransformer>
            <threadCount>1</threadCount>
            <threadAssignmentVariable></threadAssignmentVariable>
            <validateResponse>false</validateResponse>
            <resourceIds class="linked-hash-map">
              <entry>
                <string>Default Resource</string>
                <string>[Default Resource]</string>
              </entry>
            </resourceIds>
            <queueBufferSize>1000</queueBufferSize>
            <reattachAttachments>true</reattachAttachments>
          </destinationConnectorProperties>
          <host>http://localhost:8071/</host>
          <useProxyServer>false</useProxyServer>
          <proxyAddress></proxyAddress>
          <proxyPort></proxyPort>
          <method>post</method>
          <headers class="linked-hash-map"/>
          <parameters class="linked-hash-map"/>
          <useHeadersVariable>false</useHeadersVariable>
          <headersVariable></headersVariable>
          <useParametersVariable>false</useParametersVariable>
          <parametersVariable></parametersVariable>
          <responseXmlBody>false</responseXmlBody>
          <responseParseMultipart>true</responseParseMultipart>
          <responseIncludeMetadata>false</responseIncludeMetadata>
          <responseBinaryMimeTypes>application/.*(?&lt;!json|xml)$|image/.*|video/.*|audio/.*</responseBinaryMimeTypes>
          <responseBinaryMimeTypesRegex>true</responseBinaryMimeTypesRegex>
          <multipart>false</multipart>
          <useAuthentication>false</useAuthentication>
          <authenticationType>Basic</authenticationType>
          <usePreemptiveAuthentication>false</usePreemptiveAuthentication>
          <username></username>
          <password></password>
          <content>${jsn}</content>
          <contentType>application/json</contentType>
          <dataTypeBinary>false</dataTypeBinary>
          <charset>UTF-8</charset>
          <socketTimeout>30000</socketTimeout>
        </properties>
        <transformer version="4.5.1">
          <elements/>
          <inboundTemplate encoding="base64"></inboundTemplate>
          <outboundTemplate encoding="base64"></outboundTemplate>
          <inboundDataType>HL7V2</inboundDataType>
          <outboundDataType>HL7V2</outboundDataType>
          <inboundProperties class="com.mirth.connect.plugins.datatypes.hl7v2.HL7v2DataTypeProperties" version="4.5.1">
            <serializationProperties class="com.mirth.connect.plugins.datatypes.hl7v2.HL7v2SerializationProperties" version="4.5.1">
              <handleRepetitions>true</handleRepetitions>
              <handleSubcomponents>true</handleSubcomponents>
              <useStrictParser>false</useStrictParser>
              <useStrictValidation>false</useStrictValidation>
              <stripNamespaces>false</stripNamespaces>
              <segmentDelimiter>\r</segmentDelimiter>
              <convertLineBreaks>true</convertLineBreaks>
            </serializationProperties>
            <deserializationProperties class="com.mirth.connect.plugins.datatypes.hl7v2.HL7v2DeserializationProperties" version="4.5.1">
              <useStrictParser>false</useStrictParser>
              <useStrictValidation>false</useStrictValidation>
              <segmentDelimiter>\r</segmentDelimiter>
            </deserializationProperties>
            <batchProperties class="com.mirth.connect.plugins.datatypes.hl7v2.HL7v2BatchProperties" version="4.5.1">
              <splitType>MSH_Segment</splitType>
              <batchScript></batchScript>
            </batchProperties>
            <responseGenerationProperties class="com.mirth.connect.plugins.datatypes.hl7v2.HL7v2ResponseGenerationProperties" version="4.5.1">
              <segmentDelimiter>\r</segmentDelimiter>
              <successfulACKCode>AA</successfulACKCode>
              <successfulACKMessage></successfulACKMessage>
              <errorACKCode>AE</errorACKCode>
              <errorACKMessage>An Error Occurred Processing Message.</errorACKMessage>
              <rejectedACKCode>AR</rejectedACKCode>
              <rejectedACKMessage>Message Rejected.</rejectedACKMessage>
              <msh15ACKAccept>false</msh15ACKAccept>
              <dateFormat>yyyyMMddHHmmss.SSS</dateFormat>
            </responseGenerationProperties>
            <responseValidationProperties class="com.mirth.connect.plugins.datatypes.hl7v2.HL7v2ResponseValidationProperties" version="4.5.1">
              <successfulACKCode>AA,CA</successfulACKCode>
              <errorACKCode>AE,CE</errorACKCode>
              <rejectedACKCode>AR,CR</rejectedACKCode>
              <validateMessageControlId>true</validateMessageControlId>
              <originalMessageControlId>Destination_Encoded</originalMessageControlId>
              <originalIdMapVariable></originalIdMapVariable>
            </responseValidationProperties>
          </inboundProperties>
          <outboundProperties class="com.mirth.connect.plugins.datatypes.hl7v2.HL7v2DataTypeProperties" version="4.5.1">
            <serializationProperties class="com.mirth.connect.plugins.datatypes.hl7v2.HL7v2SerializationProperties" version="4.5.1">
              <handleRepetitions>true</handleRepetitions>
              <handleSubcomponents>true</handleSubcomponents>
              <useStrictParser>false</useStrictParser>
              <useStrictValidation>false</useStrictValidation>
              <stripNamespaces>false</stripNamespaces>
              <segmentDelimiter>\r</segmentDelimiter>
              <convertLineBreaks>true</convertLineBreaks>
            </serializationProperties>
            <deserializationProperties class="com.mirth.connect.plugins.datatypes.hl7v2.HL7v2DeserializationProperties" version="4.5.1">
              <useStrictParser>false</useStrictParser>
              <useStrictValidation>false</useStrictValidation>
              <segmentDelimiter>\r</segmentDelimiter>
            </deserializationProperties>
            <batchProperties class="com.mirth.connect.plugins.datatypes.hl7v2.HL7v2BatchProperties" version="4.5.1">
              <splitType>MSH_Segment</splitType>
              <batchScript></batchScript>
            </batchProperties>
            <responseGenerationProperties class="com.mirth.connect.plugins.datatypes.hl7v2.HL7v2ResponseGenerationProperties" version="4.5.1">
              <segmentDelimiter>\r</segmentDelimiter>
              <successfulACKCode>AA</successfulACKCode>
              <successfulACKMessage></successfulACKMessage>
              <errorACKCode>AE</errorACKCode>
              <errorACKMessage>An Error Occurred Processing Message.</errorACKMessage>
              <rejectedACKCode>AR</rejectedACKCode>
              <rejectedACKMessage>Message Rejected.</rejectedACKMessage>
              <msh15ACKAccept>false</msh15ACKAccept>
              <dateFormat>yyyyMMddHHmmss.SSS</dateFormat>
            </responseGenerationProperties>
            <responseValidationProperties class="com.mirth.connect.plugins.datatypes.hl7v2.HL7v2ResponseValidationProperties" version="4.5.1">
              <successfulACKCode>AA,CA</successfulACKCode>
              <errorACKCode>AE,CE</errorACKCode>
              <rejectedACKCode>AR,CR</rejectedACKCode>
              <validateMessageControlId>true</validateMessageControlId>
              <originalMessageControlId>Destination_Encoded</originalMessageControlId>
              <originalIdMapVariable></originalIdMapVariable>
            </responseValidationProperties>
          </outboundProperties>
        </transformer>
        <responseTransformer version="4.5.1">
          <elements>
            <com.mirth.connect.plugins.javascriptstep.JavaScriptStep version="4.5.1">
              <sequenceNumber>0</sequenceNumber>
              <enabled>false</enabled>
              <script>/*var now = DateUtil.getCurrentDate(&quot;yyyyMMddHHmmss&quot;);var msh = msg[&apos;MSH&apos;];var msgControlId = msh[&apos;MSH.10&apos;][&apos;MSH.10.1&apos;].toString();  // Message Control ID original// Crea el ACK como texto planovar ack = &quot;MSH|^~\\&amp;|MIRTH|INTEGRATION|&quot;    + msh[&apos;MSH.3&apos;][&apos;MSH.3.1&apos;] + &quot;|&quot;  // Sending Application    + msh[&apos;MSH.4&apos;][&apos;MSH.4.1&apos;] + &quot;|&quot;  // Sending Facility    + now + &quot;||ACK^&quot; + msh[&apos;MSH.9&apos;][&apos;MSH.9.2&apos;] + &quot;|ACK_&quot; + msgControlId + &quot;|P|2.5.1\r&quot;;ack += &quot;MSA|AA|&quot; + msgControlId + &quot;\r&quot;;*/// Devuelve directamente el mensaje ACK//responseMap.put(&apos;respuesta&apos;, &apos;respuesta recibida&apos;);responseMap.put(&apos;key&apos;, ResponseFactory.getSentResponse(&apos;message&apos;))</script>
            </com.mirth.connect.plugins.javascriptstep.JavaScriptStep>
          </elements>
          <inboundTemplate encoding="base64"></inboundTemplate>
          <outboundTemplate encoding="base64"></outboundTemplate>
          <inboundDataType>HL7V2</inboundDataType>
          <outboundDataType>HL7V2</outboundDataType>
          <inboundProperties class="com.mirth.connect.plugins.datatypes.hl7v2.HL7v2DataTypeProperties" version="4.5.1">
            <serializationProperties class="com.mirth.connect.plugins.datatypes.hl7v2.HL7v2SerializationProperties" version="4.5.1">
              <handleRepetitions>true</handleRepetitions>
              <handleSubcomponents>true</handleSubcomponents>
              <useStrictParser>false</useStrictParser>
              <useStrictValidation>false</useStrictValidation>
              <stripNamespaces>false</stripNamespaces>
              <segmentDelimiter>\r</segmentDelimiter>
              <convertLineBreaks>true</convertLineBreaks>
            </serializationProperties>
            <deserializationProperties class="com.mirth.connect.plugins.datatypes.hl7v2.HL7v2DeserializationProperties" version="4.5.1">
              <useStrictParser>false</useStrictParser>
              <useStrictValidation>false</useStrictValidation>
              <segmentDelimiter>\r</segmentDelimiter>
            </deserializationProperties>
            <batchProperties class="com.mirth.connect.plugins.datatypes.hl7v2.HL7v2BatchProperties" version="4.5.1">
              <splitType>MSH_Segment</splitType>
              <batchScript></batchScript>
            </batchProperties>
            <responseGenerationProperties class="com.mirth.connect.plugins.datatypes.hl7v2.HL7v2ResponseGenerationProperties" version="4.5.1">
              <segmentDelimiter>\r</segmentDelimiter>
              <successfulACKCode>AA</successfulACKCode>
              <successfulACKMessage></successfulACKMessage>
              <errorACKCode>AE</errorACKCode>
              <errorACKMessage>An Error Occurred Processing Message.</errorACKMessage>
              <rejectedACKCode>AR</rejectedACKCode>
              <rejectedACKMessage>Message Rejected.</rejectedACKMessage>
              <msh15ACKAccept>false</msh15ACKAccept>
              <dateFormat>yyyyMMddHHmmss.SSS</dateFormat>
            </responseGenerationProperties>
            <responseValidationProperties class="com.mirth.connect.plugins.datatypes.hl7v2.HL7v2ResponseValidationProperties" version="4.5.1">
              <successfulACKCode>AA,CA</successfulACKCode>
              <errorACKCode>AE,CE</errorACKCode>
              <rejectedACKCode>AR,CR</rejectedACKCode>
              <validateMessageControlId>true</validateMessageControlId>
              <originalMessageControlId>Destination_Encoded</originalMessageControlId>
              <originalIdMapVariable></originalIdMapVariable>
            </responseValidationProperties>
          </inboundProperties>
          <outboundProperties class="com.mirth.connect.plugins.datatypes.hl7v2.HL7v2DataTypeProperties" version="4.5.1">
            <serializationProperties class="com.mirth.connect.plugins.datatypes.hl7v2.HL7v2SerializationProperties" version="4.5.1">
              <handleRepetitions>true</handleRepetitions>
              <handleSubcomponents>true</handleSubcomponents>
              <useStrictParser>false</useStrictParser>
              <useStrictValidation>false</useStrictValidation>
              <stripNamespaces>false</stripNamespaces>
              <segmentDelimiter>\r</segmentDelimiter>
              <convertLineBreaks>true</convertLineBreaks>
            </serializationProperties>
            <deserializationProperties class="com.mirth.connect.plugins.datatypes.hl7v2.HL7v2DeserializationProperties" version="4.5.1">
              <useStrictParser>false</useStrictParser>
              <useStrictValidation>false</useStrictValidation>
              <segmentDelimiter>\r</segmentDelimiter>
            </deserializationProperties>
            <batchProperties class="com.mirth.connect.plugins.datatypes.hl7v2.HL7v2BatchProperties" version="4.5.1">
              <splitType>MSH_Segment</splitType>
              <batchScript></batchScript>
            </batchProperties>
            <responseGenerationProperties class="com.mirth.connect.plugins.datatypes.hl7v2.HL7v2ResponseGenerationProperties" version="4.5.1">
              <segmentDelimiter>\r</segmentDelimiter>
              <successfulACKCode>AA</successfulACKCode>
              <successfulACKMessage></successfulACKMessage>
              <errorACKCode>AE</errorACKCode>
              <errorACKMessage>An Error Occurred Processing Message.</errorACKMessage>
              <rejectedACKCode>AR</rejectedACKCode>
              <rejectedACKMessage>Message Rejected.</rejectedACKMessage>
              <msh15ACKAccept>false</msh15ACKAccept>
              <dateFormat>yyyyMMddHHmmss.SSS</dateFormat>
            </responseGenerationProperties>
            <responseValidationProperties class="com.mirth.connect.plugins.datatypes.hl7v2.HL7v2ResponseValidationProperties" version="4.5.1">
              <successfulACKCode>AA,CA</successfulACKCode>
              <errorACKCode>AE,CE</errorACKCode>
              <rejectedACKCode>AR,CR</rejectedACKCode>
              <validateMessageControlId>true</validateMessageControlId>
              <originalMessageControlId>Destination_Encoded</originalMessageControlId>
              <originalIdMapVariable></originalIdMapVariable>
            </responseValidationProperties>
          </outboundProperties>
        </responseTransformer>
        <filter version="4.5.1">
          <elements/>
        </filter>
        <transportName>HTTP Sender</transportName>
        <mode>DESTINATION</mode>
        <enabled>true</enabled>
        <waitForPrevious>true</waitForPrevious>
      </connector>
    </destinationConnectors>
    <preprocessingScript>// Modify the message variable below to pre process datareturn message;</preprocessingScript>
    <postprocessingScript>// This script executes once after a message has been processed// Responses returned from here will be stored as &quot;Postprocessor&quot; in the response map</postprocessingScript>
    <deployScript>// This script executes once when the channel is deployed// You only have access to the globalMap and globalChannelMap here to persist datareturn;</deployScript>
    <undeployScript>// This script executes once when the channel is undeployed// You only have access to the globalMap and globalChannelMap here to persist datareturn;</undeployScript>
    <properties version="4.5.1">
      <clearGlobalChannelMap>true</clearGlobalChannelMap>
      <messageStorageMode>DEVELOPMENT</messageStorageMode>
      <encryptData>false</encryptData>
      <encryptAttachments>false</encryptAttachments>
      <encryptCustomMetaData>false</encryptCustomMetaData>
      <removeContentOnCompletion>false</removeContentOnCompletion>
      <removeOnlyFilteredOnCompletion>false</removeOnlyFilteredOnCompletion>
      <removeAttachmentsOnCompletion>false</removeAttachmentsOnCompletion>
      <initialState>STARTED</initialState>
      <storeAttachments>true</storeAttachments>
      <metaDataColumns>
        <metaDataColumn>
          <name>SOURCE</name>
          <type>STRING</type>
          <mappingName>mirth_source</mappingName>
        </metaDataColumn>
        <metaDataColumn>
          <name>TYPE</name>
          <type>STRING</type>
          <mappingName>mirth_type</mappingName>
        </metaDataColumn>
      </metaDataColumns>
      <attachmentProperties version="4.5.1">
        <type>None</type>
        <properties/>
      </attachmentProperties>
      <resourceIds class="linked-hash-map">
        <entry>
          <string>Default Resource</string>
          <string>[Default Resource]</string>
        </entry>
      </resourceIds>
    </properties>
    <exportData>
      <metadata>
        <enabled>true</enabled>
        <lastModified>
          <time>1750054995042</time>
          <timezone>Europe/Paris</timezone>
        </lastModified>
        <pruningSettings>
          <archiveEnabled>true</archiveEnabled>
          <pruneErroredMessages>false</pruneErroredMessages>
        </pruningSettings>
        <userId>1</userId>
      </metadata>
      <dependentIds/>
      <dependencyIds/>
      <channelTags/>
    </exportData>
  </channel>
  