<channel version="4.5.1">
    <id>b5e9d04d-dbb4-46e5-8ae6-545db097ec1d</id>
    <nextMetaDataId>2</nextMetaDataId>
    <name>Canal desde API</name>
    <description>Example description.</description>
    <revision>1</revision>
    <sourceConnector version="4.5.1">
      <metaDataId>0</metaDataId>
      <name>sourceConnector</name>
      <properties class="com.mirth.connect.connectors.vm.VmReceiverProperties" version="4.5.1">
        <sourceConnectorProperties version="4.5.1">
          <responseVariable>None</responseVariable>
          <respondAfterProcessing>true</respondAfterProcessing>
          <processBatch>false</processBatch>
          <firstResponse>false</firstResponse>
          <processingThreads>1</processingThreads>
          <resourceIds class="linked-hash-map">
            <entry>
              <string>Default Resource</string>
              <string>[Default Resource]</string>
            </entry>
          </resourceIds>
          <queueBufferSize>0</queueBufferSize>
        </sourceConnectorProperties>
      </properties>
      <transformer version="4.5.1">
        <elements/>
        <inboundTemplate encoding="base64"></inboundTemplate>
        <outboundTemplate encoding="base64"></outboundTemplate>
        <inboundDataType>RAW</inboundDataType>
        <outboundDataType>RAW</outboundDataType>
        <inboundProperties class="com.mirth.connect.plugins.datatypes.raw.RawDataTypeProperties" version="4.5.1">
          <batchProperties class="com.mirth.connect.plugins.datatypes.raw.RawBatchProperties" version="4.5.1">
            <splitType>JavaScript</splitType>
            <batchScript></batchScript>
          </batchProperties>
        </inboundProperties>
        <outboundProperties class="com.mirth.connect.plugins.datatypes.raw.RawDataTypeProperties" version="4.5.1">
          <batchProperties class="com.mirth.connect.plugins.datatypes.raw.RawBatchProperties" version="4.5.1">
            <splitType>JavaScript</splitType>
            <batchScript></batchScript>
          </batchProperties>
        </outboundProperties>
      </transformer>
      <filter version="4.5.1">
        <elements/>
      </filter>
      <transportName>Channel Reader</transportName>
      <mode>SOURCE</mode>
      <enabled>true</enabled>
      <waitForPrevious>true</waitForPrevious>
    </sourceConnector>
    <destinationConnectors>
      <connector version="4.5.1">
        <metaDataId>1</metaDataId>
        <name>Destination modificado</name>
        <properties class="com.mirth.connect.connectors.vm.VmDispatcherProperties" version="4.5.1">
          <destinationConnectorProperties version="4.5.1">
            <queueEnabled>false</queueEnabled>
            <sendFirst>false</sendFirst>
            <retryIntervalMillis>10000</retryIntervalMillis>
            <regenerateTemplate>false</regenerateTemplate>
            <retryCount>0</retryCount>
            <rotate>false</rotate>
            <includeFilterTransformer>false</includeFilterTransformer>
            <threadCount>1</threadCount>
            <threadAssignmentVariable></threadAssignmentVariable>
            <validateResponse>false</validateResponse>
            <resourceIds class="linked-hash-map">
              <entry>
                <string>Default Resource</string>
                <string>[Default Resource]</string>
              </entry>
            </resourceIds>
            <queueBufferSize>0</queueBufferSize>
            <reattachAttachments>true</reattachAttachments>
          </destinationConnectorProperties>
          <channelId>none</channelId>
          <channelTemplate>$message.encodedData</channelTemplate>
          <mapVariables/>
        </properties>
        <transformer version="4.5.1">
          <elements/>
          <inboundTemplate encoding="base64"></inboundTemplate>
          <outboundTemplate encoding="base64"></outboundTemplate>
          <inboundDataType>RAW</inboundDataType>
          <outboundDataType>JSON</outboundDataType>
          <inboundProperties class="com.mirth.connect.plugins.datatypes.raw.RawDataTypeProperties" version="4.5.1">
            <batchProperties class="com.mirth.connect.plugins.datatypes.raw.RawBatchProperties" version="4.5.1">
              <splitType>JavaScript</splitType>
              <batchScript></batchScript>
            </batchProperties>
          </inboundProperties>
          <outboundProperties class="com.mirth.connect.plugins.datatypes.raw.RawDataTypeProperties" version="4.5.1">
            <batchProperties class="com.mirth.connect.plugins.datatypes.raw.RawBatchProperties" version="4.5.1">
              <splitType>JavaScript</splitType>
              <batchScript></batchScript>
            </batchProperties>
          </outboundProperties>
        </transformer>
        <responseTransformer version="4.5.1">
          <elements/>
          <inboundTemplate encoding="base64"></inboundTemplate>
          <outboundTemplate encoding="base64"></outboundTemplate>
          <inboundDataType>RAW</inboundDataType>
          <outboundDataType>RAW</outboundDataType>
          <inboundProperties class="com.mirth.connect.plugins.datatypes.raw.RawDataTypeProperties" version="4.5.1">
            <batchProperties class="com.mirth.connect.plugins.datatypes.raw.RawBatchProperties" version="4.5.1">
              <splitType>JavaScript</splitType>
              <batchScript></batchScript>
            </batchProperties>
          </inboundProperties>
          <outboundProperties class="com.mirth.connect.plugins.datatypes.raw.RawDataTypeProperties" version="4.5.1">
            <batchProperties class="com.mirth.connect.plugins.datatypes.raw.RawBatchProperties" version="4.5.1">
              <splitType>JavaScript</splitType>
              <batchScript></batchScript>
            </batchProperties>
          </outboundProperties>
        </responseTransformer>
        <filter version="4.5.1">
          <elements/>
        </filter>
        <transportName>HTTP Senser</transportName>
        <mode>DESTINATION</mode>
        <enabled>true</enabled>
        <waitForPrevious>true</waitForPrevious>
      </connector>
    </destinationConnectors>
    <preprocessingScript></preprocessingScript>
    <postprocessingScript></postprocessingScript>
    <deployScript></deployScript>
    <undeployScript></undeployScript>
    <properties version="4.5.1">
      <clearGlobalChannelMap>true</clearGlobalChannelMap>
      <messageStorageMode>DEVELOPMENT</messageStorageMode>
      <encryptData>false</encryptData>
      <encryptAttachments>false</encryptAttachments>
      <encryptCustomMetaData>false</encryptCustomMetaData>
      <removeContentOnCompletion>false</removeContentOnCompletion>
      <removeOnlyFilteredOnCompletion>false</removeOnlyFilteredOnCompletion>
      <removeAttachmentsOnCompletion>false</removeAttachmentsOnCompletion>
      <initialState>STARTED</initialState>
      <storeAttachments>true</storeAttachments>
      <metaDataColumns/>
      <attachmentProperties version="4.5.1">
        <type>None</type>
        <properties/>
      </attachmentProperties>
      <resourceIds class="linked-hash-map">
        <entry>
          <string>Default Resource</string>
          <string>[Default Resource]</string>
        </entry>
      </resourceIds>
    </properties>
    <exportData>
      <metadata>
        <enabled>true</enabled>
      </metadata>
      <dependentIds/>
      <dependencyIds/>
      <channelTags/>
    </exportData>
  </channel>
  