<channel version="4.5.1">
    <id>eb909d54-e86b-4431-9431-af7ba5c2d70e</id>
    <nextMetaDataId>4</nextMetaDataId>
    <name>fhirejercicio7</name>
    <description></description>
    <revision>1</revision>
    <sourceConnector version="4.5.1">
      <metaDataId>0</metaDataId>
      <name>sourceConnector</name>
      <properties class="com.mirth.connect.connectors.vm.VmReceiverProperties" version="4.5.1">
        <pluginProperties/>
        <sourceConnectorProperties version="4.5.1">
          <responseVariable>None</responseVariable>
          <respondAfterProcessing>true</respondAfterProcessing>
          <processBatch>false</processBatch>
          <firstResponse>false</firstResponse>
          <processingThreads>1</processingThreads>
          <resourceIds class="linked-hash-map">
            <entry>
              <string>Default Resource</string>
              <string>[Default Resource]</string>
            </entry>
          </resourceIds>
          <queueBufferSize>1000</queueBufferSize>
        </sourceConnectorProperties>
      </properties>
      <transformer version="4.5.1">
        <elements>
          <com.mirth.connect.plugins.javascriptstep.JavaScriptStep version="4.5.1">
            <sequenceNumber>0</sequenceNumber>
            <enabled>false</enabled>
            <script>//del ejercicio 8/*var horaInicio = DateUtil.getCurrentDate(&quot;HH:mm:ss&quot;);logger.info(horaInicio);channelMap.put(&quot;horaIni&quot;,horaInicio);*/var hini=Date.now();channelMap.put(&quot;inicio&quot;,hini);</script>
          </com.mirth.connect.plugins.javascriptstep.JavaScriptStep>
        </elements>
        <inboundTemplate encoding="base64"></inboundTemplate>
        <outboundTemplate encoding="base64"></outboundTemplate>
        <inboundDataType>JSON</inboundDataType>
        <outboundDataType>JSON</outboundDataType>
        <inboundProperties class="com.mirth.connect.plugins.datatypes.json.JSONDataTypeProperties" version="4.5.1">
          <batchProperties class="com.mirth.connect.plugins.datatypes.json.JSONBatchProperties" version="4.5.1">
            <splitType>JavaScript</splitType>
            <batchScript></batchScript>
          </batchProperties>
        </inboundProperties>
        <outboundProperties class="com.mirth.connect.plugins.datatypes.json.JSONDataTypeProperties" version="4.5.1">
          <batchProperties class="com.mirth.connect.plugins.datatypes.json.JSONBatchProperties" version="4.5.1">
            <splitType>JavaScript</splitType>
            <batchScript></batchScript>
          </batchProperties>
        </outboundProperties>
      </transformer>
      <filter version="4.5.1">
        <elements/>
      </filter>
      <transportName>Channel Reader</transportName>
      <mode>SOURCE</mode>
      <enabled>true</enabled>
      <waitForPrevious>true</waitForPrevious>
    </sourceConnector>
    <destinationConnectors>
      <connector version="4.5.1">
        <metaDataId>1</metaDataId>
        <name>Destination 1</name>
        <properties class="com.mirth.connect.connectors.http.HttpDispatcherProperties" version="4.5.1">
          <pluginProperties/>
          <destinationConnectorProperties version="4.5.1">
            <queueEnabled>false</queueEnabled>
            <sendFirst>false</sendFirst>
            <retryIntervalMillis>10000</retryIntervalMillis>
            <regenerateTemplate>false</regenerateTemplate>
            <retryCount>0</retryCount>
            <rotate>false</rotate>
            <includeFilterTransformer>false</includeFilterTransformer>
            <threadCount>1</threadCount>
            <threadAssignmentVariable></threadAssignmentVariable>
            <validateResponse>false</validateResponse>
            <resourceIds class="linked-hash-map">
              <entry>
                <string>Default Resource</string>
                <string>[Default Resource]</string>
              </entry>
            </resourceIds>
            <queueBufferSize>1000</queueBufferSize>
            <reattachAttachments>true</reattachAttachments>
          </destinationConnectorProperties>
          <host>http://hapi.fhir.org/baseR4?_getpages=22821a7c-819b-431c-a956-1e060786fe62&amp;_getpagesoffset=5&amp;_count=5&amp;_pretty=true&amp;_bundletype=searchset</host>
          <useProxyServer>false</useProxyServer>
          <proxyAddress></proxyAddress>
          <proxyPort></proxyPort>
          <method>get</method>
          <headers class="linked-hash-map"/>
          <parameters class="linked-hash-map"/>
          <useHeadersVariable>false</useHeadersVariable>
          <headersVariable></headersVariable>
          <useParametersVariable>false</useParametersVariable>
          <parametersVariable></parametersVariable>
          <responseXmlBody>false</responseXmlBody>
          <responseParseMultipart>true</responseParseMultipart>
          <responseIncludeMetadata>false</responseIncludeMetadata>
          <responseBinaryMimeTypes>application/.*(?&lt;!json|xml)$|image/.*|video/.*|audio/.*</responseBinaryMimeTypes>
          <responseBinaryMimeTypesRegex>true</responseBinaryMimeTypesRegex>
          <multipart>false</multipart>
          <useAuthentication>false</useAuthentication>
          <authenticationType>Basic</authenticationType>
          <usePreemptiveAuthentication>false</usePreemptiveAuthentication>
          <username></username>
          <password></password>
          <content>${message.encodedData}</content>
          <contentType>application/json</contentType>
          <dataTypeBinary>false</dataTypeBinary>
          <charset>UTF-8</charset>
          <socketTimeout>30000</socketTimeout>
        </properties>
        <transformer version="4.5.1">
          <elements>
            <com.mirth.connect.plugins.javascriptstep.JavaScriptStep version="4.5.1">
              <sequenceNumber>0</sequenceNumber>
              <enabled>false</enabled>
              <script>//del ejercicio 8var i=$(&apos;inicio&apos;);var ffin=Date.now();var verbo=&quot;GET&quot;;var url=&quot;http://hapi.fhir.org/baseR4/Patient/47524035&quot;;var tiempo=ffin-i;channelMap.put(&quot;vb&quot;,verbo);channelMap.put(&quot;url&quot;,url);channelMap.put(&quot;ms&quot;,tiempo);</script>
            </com.mirth.connect.plugins.javascriptstep.JavaScriptStep>
          </elements>
          <inboundTemplate encoding="base64"></inboundTemplate>
          <outboundTemplate encoding="base64"></outboundTemplate>
          <inboundDataType>JSON</inboundDataType>
          <outboundDataType>JSON</outboundDataType>
          <inboundProperties class="com.mirth.connect.plugins.datatypes.json.JSONDataTypeProperties" version="4.5.1">
            <batchProperties class="com.mirth.connect.plugins.datatypes.json.JSONBatchProperties" version="4.5.1">
              <splitType>JavaScript</splitType>
              <batchScript></batchScript>
            </batchProperties>
          </inboundProperties>
          <outboundProperties class="com.mirth.connect.plugins.datatypes.json.JSONDataTypeProperties" version="4.5.1">
            <batchProperties class="com.mirth.connect.plugins.datatypes.json.JSONBatchProperties" version="4.5.1">
              <splitType>JavaScript</splitType>
              <batchScript></batchScript>
            </batchProperties>
          </outboundProperties>
        </transformer>
        <responseTransformer version="4.5.1">
          <elements>
            <com.mirth.connect.plugins.javascriptstep.JavaScriptStep version="4.5.1">
              <sequenceNumber>0</sequenceNumber>
              <enabled>false</enabled>
              <script>//ejercicio 11var txt=response.getMessage();var json=JSON.parse(txt);var contador=0;// variable para contar los recursosvar arrayEntry=json.entry;//ojo, es un array, para obtener los valores hay que recorrerlofor(var i=0;i&lt;arrayEntry.length;i++){	if(arrayEntry[i].resource.resourceType == &quot;Patient&quot;){		contador++;	}}logger.info(&quot;Total de recursos Patient: &quot;+contador);</script>
            </com.mirth.connect.plugins.javascriptstep.JavaScriptStep>
          </elements>
          <inboundTemplate encoding="base64"></inboundTemplate>
          <outboundTemplate encoding="base64"></outboundTemplate>
          <inboundDataType>JSON</inboundDataType>
          <outboundDataType>JSON</outboundDataType>
          <inboundProperties class="com.mirth.connect.plugins.datatypes.json.JSONDataTypeProperties" version="4.5.1">
            <batchProperties class="com.mirth.connect.plugins.datatypes.json.JSONBatchProperties" version="4.5.1">
              <splitType>JavaScript</splitType>
              <batchScript></batchScript>
            </batchProperties>
          </inboundProperties>
          <outboundProperties class="com.mirth.connect.plugins.datatypes.json.JSONDataTypeProperties" version="4.5.1">
            <batchProperties class="com.mirth.connect.plugins.datatypes.json.JSONBatchProperties" version="4.5.1">
              <splitType>JavaScript</splitType>
              <batchScript></batchScript>
            </batchProperties>
          </outboundProperties>
        </responseTransformer>
        <filter version="4.5.1">
          <elements/>
        </filter>
        <transportName>HTTP Sender</transportName>
        <mode>DESTINATION</mode>
        <enabled>true</enabled>
        <waitForPrevious>true</waitForPrevious>
      </connector>
      <connector version="4.5.1">
        <metaDataId>3</metaDataId>
        <name>Destination 2</name>
        <properties class="com.mirth.connect.connectors.file.FileDispatcherProperties" version="4.5.1">
          <pluginProperties/>
          <destinationConnectorProperties version="4.5.1">
            <queueEnabled>false</queueEnabled>
            <sendFirst>false</sendFirst>
            <retryIntervalMillis>10000</retryIntervalMillis>
            <regenerateTemplate>false</regenerateTemplate>
            <retryCount>0</retryCount>
            <rotate>false</rotate>
            <includeFilterTransformer>false</includeFilterTransformer>
            <threadCount>1</threadCount>
            <threadAssignmentVariable></threadAssignmentVariable>
            <validateResponse>false</validateResponse>
            <resourceIds class="linked-hash-map">
              <entry>
                <string>Default Resource</string>
                <string>[Default Resource]</string>
              </entry>
            </resourceIds>
            <queueBufferSize>1000</queueBufferSize>
            <reattachAttachments>true</reattachAttachments>
          </destinationConnectorProperties>
          <scheme>FILE</scheme>
          <host>C:/</host>
          <outputPattern>log.txt</outputPattern>
          <anonymous>true</anonymous>
          <username>anonymous</username>
          <password>anonymous</password>
          <timeout>10000</timeout>
          <keepConnectionOpen>true</keepConnectionOpen>
          <maxIdleTime>0</maxIdleTime>
          <secure>true</secure>
          <passive>true</passive>
          <validateConnection>true</validateConnection>
          <outputAppend>true</outputAppend>
          <errorOnExists>false</errorOnExists>
          <temporary>false</temporary>
          <binary>false</binary>
          <charsetEncoding>DEFAULT_ENCODING</charsetEncoding>
          <template>${vb} ${url} ${ms} ms</template>
        </properties>
        <transformer version="4.5.1">
          <elements/>
          <inboundTemplate encoding="base64"></inboundTemplate>
          <outboundTemplate encoding="base64"></outboundTemplate>
          <inboundDataType>JSON</inboundDataType>
          <outboundDataType>JSON</outboundDataType>
          <inboundProperties class="com.mirth.connect.plugins.datatypes.json.JSONDataTypeProperties" version="4.5.1">
            <batchProperties class="com.mirth.connect.plugins.datatypes.json.JSONBatchProperties" version="4.5.1">
              <splitType>JavaScript</splitType>
              <batchScript></batchScript>
            </batchProperties>
          </inboundProperties>
          <outboundProperties class="com.mirth.connect.plugins.datatypes.json.JSONDataTypeProperties" version="4.5.1">
            <batchProperties class="com.mirth.connect.plugins.datatypes.json.JSONBatchProperties" version="4.5.1">
              <splitType>JavaScript</splitType>
              <batchScript></batchScript>
            </batchProperties>
          </outboundProperties>
        </transformer>
        <responseTransformer version="4.5.1">
          <elements/>
          <inboundDataType>JSON</inboundDataType>
          <outboundDataType>JSON</outboundDataType>
          <inboundProperties class="com.mirth.connect.plugins.datatypes.json.JSONDataTypeProperties" version="4.5.1">
            <batchProperties class="com.mirth.connect.plugins.datatypes.json.JSONBatchProperties" version="4.5.1">
              <splitType>JavaScript</splitType>
              <batchScript></batchScript>
            </batchProperties>
          </inboundProperties>
          <outboundProperties class="com.mirth.connect.plugins.datatypes.json.JSONDataTypeProperties" version="4.5.1">
            <batchProperties class="com.mirth.connect.plugins.datatypes.json.JSONBatchProperties" version="4.5.1">
              <splitType>JavaScript</splitType>
              <batchScript></batchScript>
            </batchProperties>
          </outboundProperties>
        </responseTransformer>
        <filter version="4.5.1">
          <elements/>
        </filter>
        <transportName>File Writer</transportName>
        <mode>DESTINATION</mode>
        <enabled>false</enabled>
        <waitForPrevious>true</waitForPrevious>
      </connector>
    </destinationConnectors>
    <preprocessingScript>// Modify the message variable below to pre process datareturn message;</preprocessingScript>
    <postprocessingScript>// This script executes once after a message has been processed// Responses returned from here will be stored as &quot;Postprocessor&quot; in the response mapreturn;</postprocessingScript>
    <deployScript>// This script executes once when the channel is deployed// You only have access to the globalMap and globalChannelMap here to persist datareturn;</deployScript>
    <undeployScript>// This script executes once when the channel is undeployed// You only have access to the globalMap and globalChannelMap here to persist datareturn;</undeployScript>
    <properties version="4.5.1">
      <clearGlobalChannelMap>true</clearGlobalChannelMap>
      <messageStorageMode>DEVELOPMENT</messageStorageMode>
      <encryptData>false</encryptData>
      <encryptAttachments>false</encryptAttachments>
      <encryptCustomMetaData>false</encryptCustomMetaData>
      <removeContentOnCompletion>false</removeContentOnCompletion>
      <removeOnlyFilteredOnCompletion>false</removeOnlyFilteredOnCompletion>
      <removeAttachmentsOnCompletion>false</removeAttachmentsOnCompletion>
      <initialState>STARTED</initialState>
      <storeAttachments>true</storeAttachments>
      <metaDataColumns>
        <metaDataColumn>
          <name>SOURCE</name>
          <type>STRING</type>
          <mappingName>mirth_source</mappingName>
        </metaDataColumn>
        <metaDataColumn>
          <name>TYPE</name>
          <type>STRING</type>
          <mappingName>mirth_type</mappingName>
        </metaDataColumn>
      </metaDataColumns>
      <attachmentProperties version="4.5.1">
        <type>None</type>
        <properties/>
      </attachmentProperties>
      <resourceIds class="linked-hash-map">
        <entry>
          <string>Default Resource</string>
          <string>[Default Resource]</string>
        </entry>
      </resourceIds>
    </properties>
    <exportData>
      <metadata>
        <enabled>true</enabled>
        <lastModified>
          <time>1748348087331</time>
          <timezone>Europe/Paris</timezone>
        </lastModified>
        <pruningSettings>
          <archiveEnabled>true</archiveEnabled>
          <pruneErroredMessages>false</pruneErroredMessages>
        </pruningSettings>
        <userId>1</userId>
      </metadata>
      <dependentIds/>
      <dependencyIds/>
      <channelTags/>
    </exportData>
  </channel>
  