<channel version="4.5.1">
    <id>f1d62bb8-ea65-46b6-b1c4-b4f4e7406933</id>
    <nextMetaDataId>2</nextMetaDataId>
    <name>apache2</name>
    <description></description>
    <revision>3</revision>
    <sourceConnector version="4.5.1">
      <metaDataId>0</metaDataId>
      <name>sourceConnector</name>
      <properties class="com.mirth.connect.connectors.vm.VmReceiverProperties" version="4.5.1">
        <pluginProperties/>
        <sourceConnectorProperties version="4.5.1">
          <responseVariable>None</responseVariable>
          <respondAfterProcessing>true</respondAfterProcessing>
          <processBatch>false</processBatch>
          <firstResponse>false</firstResponse>
          <processingThreads>1</processingThreads>
          <resourceIds class="linked-hash-map">
            <entry>
              <string>Default Resource</string>
              <string>[Default Resource]</string>
            </entry>
          </resourceIds>
          <queueBufferSize>1000</queueBufferSize>
        </sourceConnectorProperties>
      </properties>
      <transformer version="4.5.1">
        <elements/>
        <inboundDataType>HL7V2</inboundDataType>
        <outboundDataType>HL7V2</outboundDataType>
        <inboundProperties class="com.mirth.connect.plugins.datatypes.hl7v2.HL7v2DataTypeProperties" version="4.5.1">
          <serializationProperties class="com.mirth.connect.plugins.datatypes.hl7v2.HL7v2SerializationProperties" version="4.5.1">
            <handleRepetitions>true</handleRepetitions>
            <handleSubcomponents>true</handleSubcomponents>
            <useStrictParser>false</useStrictParser>
            <useStrictValidation>false</useStrictValidation>
            <stripNamespaces>false</stripNamespaces>
            <segmentDelimiter>\r</segmentDelimiter>
            <convertLineBreaks>true</convertLineBreaks>
          </serializationProperties>
          <deserializationProperties class="com.mirth.connect.plugins.datatypes.hl7v2.HL7v2DeserializationProperties" version="4.5.1">
            <useStrictParser>false</useStrictParser>
            <useStrictValidation>false</useStrictValidation>
            <segmentDelimiter>\r</segmentDelimiter>
          </deserializationProperties>
          <batchProperties class="com.mirth.connect.plugins.datatypes.hl7v2.HL7v2BatchProperties" version="4.5.1">
            <splitType>MSH_Segment</splitType>
            <batchScript></batchScript>
          </batchProperties>
          <responseGenerationProperties class="com.mirth.connect.plugins.datatypes.hl7v2.HL7v2ResponseGenerationProperties" version="4.5.1">
            <segmentDelimiter>\r</segmentDelimiter>
            <successfulACKCode>AA</successfulACKCode>
            <successfulACKMessage></successfulACKMessage>
            <errorACKCode>AE</errorACKCode>
            <errorACKMessage>An Error Occurred Processing Message.</errorACKMessage>
            <rejectedACKCode>AR</rejectedACKCode>
            <rejectedACKMessage>Message Rejected.</rejectedACKMessage>
            <msh15ACKAccept>false</msh15ACKAccept>
            <dateFormat>yyyyMMddHHmmss.SSS</dateFormat>
          </responseGenerationProperties>
          <responseValidationProperties class="com.mirth.connect.plugins.datatypes.hl7v2.HL7v2ResponseValidationProperties" version="4.5.1">
            <successfulACKCode>AA,CA</successfulACKCode>
            <errorACKCode>AE,CE</errorACKCode>
            <rejectedACKCode>AR,CR</rejectedACKCode>
            <validateMessageControlId>true</validateMessageControlId>
            <originalMessageControlId>Destination_Encoded</originalMessageControlId>
            <originalIdMapVariable></originalIdMapVariable>
          </responseValidationProperties>
        </inboundProperties>
        <outboundProperties class="com.mirth.connect.plugins.datatypes.hl7v2.HL7v2DataTypeProperties" version="4.5.1">
          <serializationProperties class="com.mirth.connect.plugins.datatypes.hl7v2.HL7v2SerializationProperties" version="4.5.1">
            <handleRepetitions>true</handleRepetitions>
            <handleSubcomponents>true</handleSubcomponents>
            <useStrictParser>false</useStrictParser>
            <useStrictValidation>false</useStrictValidation>
            <stripNamespaces>false</stripNamespaces>
            <segmentDelimiter>\r</segmentDelimiter>
            <convertLineBreaks>true</convertLineBreaks>
          </serializationProperties>
          <deserializationProperties class="com.mirth.connect.plugins.datatypes.hl7v2.HL7v2DeserializationProperties" version="4.5.1">
            <useStrictParser>false</useStrictParser>
            <useStrictValidation>false</useStrictValidation>
            <segmentDelimiter>\r</segmentDelimiter>
          </deserializationProperties>
          <batchProperties class="com.mirth.connect.plugins.datatypes.hl7v2.HL7v2BatchProperties" version="4.5.1">
            <splitType>MSH_Segment</splitType>
            <batchScript></batchScript>
          </batchProperties>
          <responseGenerationProperties class="com.mirth.connect.plugins.datatypes.hl7v2.HL7v2ResponseGenerationProperties" version="4.5.1">
            <segmentDelimiter>\r</segmentDelimiter>
            <successfulACKCode>AA</successfulACKCode>
            <successfulACKMessage></successfulACKMessage>
            <errorACKCode>AE</errorACKCode>
            <errorACKMessage>An Error Occurred Processing Message.</errorACKMessage>
            <rejectedACKCode>AR</rejectedACKCode>
            <rejectedACKMessage>Message Rejected.</rejectedACKMessage>
            <msh15ACKAccept>false</msh15ACKAccept>
            <dateFormat>yyyyMMddHHmmss.SSS</dateFormat>
          </responseGenerationProperties>
          <responseValidationProperties class="com.mirth.connect.plugins.datatypes.hl7v2.HL7v2ResponseValidationProperties" version="4.5.1">
            <successfulACKCode>AA,CA</successfulACKCode>
            <errorACKCode>AE,CE</errorACKCode>
            <rejectedACKCode>AR,CR</rejectedACKCode>
            <validateMessageControlId>true</validateMessageControlId>
            <originalMessageControlId>Destination_Encoded</originalMessageControlId>
            <originalIdMapVariable></originalIdMapVariable>
          </responseValidationProperties>
        </outboundProperties>
      </transformer>
      <filter version="4.5.1">
        <elements/>
      </filter>
      <transportName>Channel Reader</transportName>
      <mode>SOURCE</mode>
      <enabled>true</enabled>
      <waitForPrevious>true</waitForPrevious>
    </sourceConnector>
    <destinationConnectors>
      <connector version="4.5.1">
        <metaDataId>1</metaDataId>
        <name>Destination 1</name>
        <properties class="com.mirth.connect.connectors.http.HttpDispatcherProperties" version="4.5.1">
          <pluginProperties/>
          <destinationConnectorProperties version="4.5.1">
            <queueEnabled>false</queueEnabled>
            <sendFirst>false</sendFirst>
            <retryIntervalMillis>10000</retryIntervalMillis>
            <regenerateTemplate>false</regenerateTemplate>
            <retryCount>0</retryCount>
            <rotate>false</rotate>
            <includeFilterTransformer>false</includeFilterTransformer>
            <threadCount>1</threadCount>
            <threadAssignmentVariable></threadAssignmentVariable>
            <validateResponse>false</validateResponse>
            <resourceIds class="linked-hash-map">
              <entry>
                <string>Default Resource</string>
                <string>[Default Resource]</string>
              </entry>
            </resourceIds>
            <queueBufferSize>1000</queueBufferSize>
            <reattachAttachments>true</reattachAttachments>
          </destinationConnectorProperties>
          <host>http://192.168.18.65/index.php</host>
          <useProxyServer>false</useProxyServer>
          <proxyAddress></proxyAddress>
          <proxyPort></proxyPort>
          <method>post</method>
          <headers class="linked-hash-map"/>
          <parameters class="linked-hash-map"/>
          <useHeadersVariable>false</useHeadersVariable>
          <headersVariable></headersVariable>
          <useParametersVariable>false</useParametersVariable>
          <parametersVariable></parametersVariable>
          <responseXmlBody>false</responseXmlBody>
          <responseParseMultipart>true</responseParseMultipart>
          <responseIncludeMetadata>false</responseIncludeMetadata>
          <responseBinaryMimeTypes>application/.*(?&lt;!json|xml)$|image/.*|video/.*|audio/.*</responseBinaryMimeTypes>
          <responseBinaryMimeTypesRegex>true</responseBinaryMimeTypesRegex>
          <multipart>false</multipart>
          <useAuthentication>false</useAuthentication>
          <authenticationType>Basic</authenticationType>
          <usePreemptiveAuthentication>false</usePreemptiveAuthentication>
          <username></username>
          <password></password>
          <content>${message.encodedData}</content>
          <contentType>text/plain</contentType>
          <dataTypeBinary>false</dataTypeBinary>
          <charset>UTF-8</charset>
          <socketTimeout>30000</socketTimeout>
        </properties>
        <transformer version="4.5.1">
          <elements/>
          <inboundDataType>HL7V2</inboundDataType>
          <outboundDataType>HL7V2</outboundDataType>
          <inboundProperties class="com.mirth.connect.plugins.datatypes.hl7v2.HL7v2DataTypeProperties" version="4.5.1">
            <serializationProperties class="com.mirth.connect.plugins.datatypes.hl7v2.HL7v2SerializationProperties" version="4.5.1">
              <handleRepetitions>true</handleRepetitions>
              <handleSubcomponents>true</handleSubcomponents>
              <useStrictParser>false</useStrictParser>
              <useStrictValidation>false</useStrictValidation>
              <stripNamespaces>false</stripNamespaces>
              <segmentDelimiter>\r</segmentDelimiter>
              <convertLineBreaks>true</convertLineBreaks>
            </serializationProperties>
            <deserializationProperties class="com.mirth.connect.plugins.datatypes.hl7v2.HL7v2DeserializationProperties" version="4.5.1">
              <useStrictParser>false</useStrictParser>
              <useStrictValidation>false</useStrictValidation>
              <segmentDelimiter>\r</segmentDelimiter>
            </deserializationProperties>
            <batchProperties class="com.mirth.connect.plugins.datatypes.hl7v2.HL7v2BatchProperties" version="4.5.1">
              <splitType>MSH_Segment</splitType>
              <batchScript></batchScript>
            </batchProperties>
            <responseGenerationProperties class="com.mirth.connect.plugins.datatypes.hl7v2.HL7v2ResponseGenerationProperties" version="4.5.1">
              <segmentDelimiter>\r</segmentDelimiter>
              <successfulACKCode>AA</successfulACKCode>
              <successfulACKMessage></successfulACKMessage>
              <errorACKCode>AE</errorACKCode>
              <errorACKMessage>An Error Occurred Processing Message.</errorACKMessage>
              <rejectedACKCode>AR</rejectedACKCode>
              <rejectedACKMessage>Message Rejected.</rejectedACKMessage>
              <msh15ACKAccept>false</msh15ACKAccept>
              <dateFormat>yyyyMMddHHmmss.SSS</dateFormat>
            </responseGenerationProperties>
            <responseValidationProperties class="com.mirth.connect.plugins.datatypes.hl7v2.HL7v2ResponseValidationProperties" version="4.5.1">
              <successfulACKCode>AA,CA</successfulACKCode>
              <errorACKCode>AE,CE</errorACKCode>
              <rejectedACKCode>AR,CR</rejectedACKCode>
              <validateMessageControlId>true</validateMessageControlId>
              <originalMessageControlId>Destination_Encoded</originalMessageControlId>
              <originalIdMapVariable></originalIdMapVariable>
            </responseValidationProperties>
          </inboundProperties>
          <outboundProperties class="com.mirth.connect.plugins.datatypes.hl7v2.HL7v2DataTypeProperties" version="4.5.1">
            <serializationProperties class="com.mirth.connect.plugins.datatypes.hl7v2.HL7v2SerializationProperties" version="4.5.1">
              <handleRepetitions>true</handleRepetitions>
              <handleSubcomponents>true</handleSubcomponents>
              <useStrictParser>false</useStrictParser>
              <useStrictValidation>false</useStrictValidation>
              <stripNamespaces>false</stripNamespaces>
              <segmentDelimiter>\r</segmentDelimiter>
              <convertLineBreaks>true</convertLineBreaks>
            </serializationProperties>
            <deserializationProperties class="com.mirth.connect.plugins.datatypes.hl7v2.HL7v2DeserializationProperties" version="4.5.1">
              <useStrictParser>false</useStrictParser>
              <useStrictValidation>false</useStrictValidation>
              <segmentDelimiter>\r</segmentDelimiter>
            </deserializationProperties>
            <batchProperties class="com.mirth.connect.plugins.datatypes.hl7v2.HL7v2BatchProperties" version="4.5.1">
              <splitType>MSH_Segment</splitType>
              <batchScript></batchScript>
            </batchProperties>
            <responseGenerationProperties class="com.mirth.connect.plugins.datatypes.hl7v2.HL7v2ResponseGenerationProperties" version="4.5.1">
              <segmentDelimiter>\r</segmentDelimiter>
              <successfulACKCode>AA</successfulACKCode>
              <successfulACKMessage></successfulACKMessage>
              <errorACKCode>AE</errorACKCode>
              <errorACKMessage>An Error Occurred Processing Message.</errorACKMessage>
              <rejectedACKCode>AR</rejectedACKCode>
              <rejectedACKMessage>Message Rejected.</rejectedACKMessage>
              <msh15ACKAccept>false</msh15ACKAccept>
              <dateFormat>yyyyMMddHHmmss.SSS</dateFormat>
            </responseGenerationProperties>
            <responseValidationProperties class="com.mirth.connect.plugins.datatypes.hl7v2.HL7v2ResponseValidationProperties" version="4.5.1">
              <successfulACKCode>AA,CA</successfulACKCode>
              <errorACKCode>AE,CE</errorACKCode>
              <rejectedACKCode>AR,CR</rejectedACKCode>
              <validateMessageControlId>true</validateMessageControlId>
              <originalMessageControlId>Destination_Encoded</originalMessageControlId>
              <originalIdMapVariable></originalIdMapVariable>
            </responseValidationProperties>
          </outboundProperties>
        </transformer>
        <responseTransformer version="4.5.1">
          <elements/>
          <inboundDataType>HL7V2</inboundDataType>
          <outboundDataType>HL7V2</outboundDataType>
          <inboundProperties class="com.mirth.connect.plugins.datatypes.hl7v2.HL7v2DataTypeProperties" version="4.5.1">
            <serializationProperties class="com.mirth.connect.plugins.datatypes.hl7v2.HL7v2SerializationProperties" version="4.5.1">
              <handleRepetitions>true</handleRepetitions>
              <handleSubcomponents>true</handleSubcomponents>
              <useStrictParser>false</useStrictParser>
              <useStrictValidation>false</useStrictValidation>
              <stripNamespaces>false</stripNamespaces>
              <segmentDelimiter>\r</segmentDelimiter>
              <convertLineBreaks>true</convertLineBreaks>
            </serializationProperties>
            <deserializationProperties class="com.mirth.connect.plugins.datatypes.hl7v2.HL7v2DeserializationProperties" version="4.5.1">
              <useStrictParser>false</useStrictParser>
              <useStrictValidation>false</useStrictValidation>
              <segmentDelimiter>\r</segmentDelimiter>
            </deserializationProperties>
            <batchProperties class="com.mirth.connect.plugins.datatypes.hl7v2.HL7v2BatchProperties" version="4.5.1">
              <splitType>MSH_Segment</splitType>
              <batchScript></batchScript>
            </batchProperties>
            <responseGenerationProperties class="com.mirth.connect.plugins.datatypes.hl7v2.HL7v2ResponseGenerationProperties" version="4.5.1">
              <segmentDelimiter>\r</segmentDelimiter>
              <successfulACKCode>AA</successfulACKCode>
              <successfulACKMessage></successfulACKMessage>
              <errorACKCode>AE</errorACKCode>
              <errorACKMessage>An Error Occurred Processing Message.</errorACKMessage>
              <rejectedACKCode>AR</rejectedACKCode>
              <rejectedACKMessage>Message Rejected.</rejectedACKMessage>
              <msh15ACKAccept>false</msh15ACKAccept>
              <dateFormat>yyyyMMddHHmmss.SSS</dateFormat>
            </responseGenerationProperties>
            <responseValidationProperties class="com.mirth.connect.plugins.datatypes.hl7v2.HL7v2ResponseValidationProperties" version="4.5.1">
              <successfulACKCode>AA,CA</successfulACKCode>
              <errorACKCode>AE,CE</errorACKCode>
              <rejectedACKCode>AR,CR</rejectedACKCode>
              <validateMessageControlId>true</validateMessageControlId>
              <originalMessageControlId>Destination_Encoded</originalMessageControlId>
              <originalIdMapVariable></originalIdMapVariable>
            </responseValidationProperties>
          </inboundProperties>
          <outboundProperties class="com.mirth.connect.plugins.datatypes.hl7v2.HL7v2DataTypeProperties" version="4.5.1">
            <serializationProperties class="com.mirth.connect.plugins.datatypes.hl7v2.HL7v2SerializationProperties" version="4.5.1">
              <handleRepetitions>true</handleRepetitions>
              <handleSubcomponents>true</handleSubcomponents>
              <useStrictParser>false</useStrictParser>
              <useStrictValidation>false</useStrictValidation>
              <stripNamespaces>false</stripNamespaces>
              <segmentDelimiter>\r</segmentDelimiter>
              <convertLineBreaks>true</convertLineBreaks>
            </serializationProperties>
            <deserializationProperties class="com.mirth.connect.plugins.datatypes.hl7v2.HL7v2DeserializationProperties" version="4.5.1">
              <useStrictParser>false</useStrictParser>
              <useStrictValidation>false</useStrictValidation>
              <segmentDelimiter>\r</segmentDelimiter>
            </deserializationProperties>
            <batchProperties class="com.mirth.connect.plugins.datatypes.hl7v2.HL7v2BatchProperties" version="4.5.1">
              <splitType>MSH_Segment</splitType>
              <batchScript></batchScript>
            </batchProperties>
            <responseGenerationProperties class="com.mirth.connect.plugins.datatypes.hl7v2.HL7v2ResponseGenerationProperties" version="4.5.1">
              <segmentDelimiter>\r</segmentDelimiter>
              <successfulACKCode>AA</successfulACKCode>
              <successfulACKMessage></successfulACKMessage>
              <errorACKCode>AE</errorACKCode>
              <errorACKMessage>An Error Occurred Processing Message.</errorACKMessage>
              <rejectedACKCode>AR</rejectedACKCode>
              <rejectedACKMessage>Message Rejected.</rejectedACKMessage>
              <msh15ACKAccept>false</msh15ACKAccept>
              <dateFormat>yyyyMMddHHmmss.SSS</dateFormat>
            </responseGenerationProperties>
            <responseValidationProperties class="com.mirth.connect.plugins.datatypes.hl7v2.HL7v2ResponseValidationProperties" version="4.5.1">
              <successfulACKCode>AA,CA</successfulACKCode>
              <errorACKCode>AE,CE</errorACKCode>
              <rejectedACKCode>AR,CR</rejectedACKCode>
              <validateMessageControlId>true</validateMessageControlId>
              <originalMessageControlId>Destination_Encoded</originalMessageControlId>
              <originalIdMapVariable></originalIdMapVariable>
            </responseValidationProperties>
          </outboundProperties>
        </responseTransformer>
        <filter version="4.5.1">
          <elements/>
        </filter>
        <transportName>HTTP Sender</transportName>
        <mode>DESTINATION</mode>
        <enabled>true</enabled>
        <waitForPrevious>true</waitForPrevious>
      </connector>
    </destinationConnectors>
    <preprocessingScript>// Modify the message variable below to pre process datareturn message;</preprocessingScript>
    <postprocessingScript>// This script executes once after a message has been processed// Responses returned from here will be stored as &quot;Postprocessor&quot; in the response mapreturn;</postprocessingScript>
    <deployScript>// This script executes once when the channel is deployed// You only have access to the globalMap and globalChannelMap here to persist datareturn;</deployScript>
    <undeployScript>// This script executes once when the channel is undeployed// You only have access to the globalMap and globalChannelMap here to persist datareturn;</undeployScript>
    <properties version="4.5.1">
      <clearGlobalChannelMap>true</clearGlobalChannelMap>
      <messageStorageMode>DEVELOPMENT</messageStorageMode>
      <encryptData>false</encryptData>
      <encryptAttachments>false</encryptAttachments>
      <encryptCustomMetaData>false</encryptCustomMetaData>
      <removeContentOnCompletion>false</removeContentOnCompletion>
      <removeOnlyFilteredOnCompletion>false</removeOnlyFilteredOnCompletion>
      <removeAttachmentsOnCompletion>false</removeAttachmentsOnCompletion>
      <initialState>STARTED</initialState>
      <storeAttachments>true</storeAttachments>
      <metaDataColumns>
        <metaDataColumn>
          <name>SOURCE</name>
          <type>STRING</type>
          <mappingName>mirth_source</mappingName>
        </metaDataColumn>
        <metaDataColumn>
          <name>TYPE</name>
          <type>STRING</type>
          <mappingName>mirth_type</mappingName>
        </metaDataColumn>
      </metaDataColumns>
      <attachmentProperties version="4.5.1">
        <type>None</type>
        <properties/>
      </attachmentProperties>
      <resourceIds class="linked-hash-map">
        <entry>
          <string>Default Resource</string>
          <string>[Default Resource]</string>
        </entry>
      </resourceIds>
    </properties>
    <exportData>
      <metadata>
        <enabled>true</enabled>
        <lastModified>
          <time>1749116361785</time>
          <timezone>Europe/Paris</timezone>
        </lastModified>
        <pruningSettings>
          <archiveEnabled>true</archiveEnabled>
          <pruneErroredMessages>false</pruneErroredMessages>
        </pruningSettings>
        <userId>1</userId>
      </metadata>
      <dependentIds/>
      <dependencyIds/>
      <channelTags/>
    </exportData>
  </channel>
  